alias,kind,region,country,also_country
on,region,Ontario,Canada,
qc,region,Quebec,Canada,
bc,region,British Columbia,Canada,
ab,region,Alberta,Canada,
mb,region,Manitoba,Canada,
sk,region,Saskatchewan,Canada,
ns,region,Nova Scotia,Canada,
nb,region,New Brunswick,Canada,
nl,region,Newfoundland and Labrador,Canada,
pe,region,Prince Edward Island,Canada,
yt,region,Yukon,Canada,
nt,region,Northwest Territories,Canada,
nu,region,Nunavut,Canada,
al,region,Alabama,United States,
ak,region,Alaska,United States,
az,region,Arizona,United States,
ar,region,Arkansas,United States,
ca,region,California,United States,Canada
co,region,Colorado,United States,
ct,region,Connecticut,United States,
de,region,Delaware,United States,
fl,region,Florida,United States,
ga,region,Georgia,United States,
hi,region,Hawaii,United States,
id,region,Idaho,United States,
il,region,Illinois,United States,
in,region,Indiana,United States,India
ia,region,Iowa,United States,
ks,region,Kansas,United States,
ky,region,Kentucky,United States,
la,region,Louisiana,United States,
me,region,Maine,United States,
md,region,Maryland,United States,
ma,region,Massachusetts,United States,
mi,region,Michigan,United States,
mn,region,Minnesota,United States,
ms,region,Mississippi,United States,
mo,region,Missouri,United States,
mt,region,Montana,United States,
ne,region,Nebraska,United States,
nv,region,Nevada,United States,
nh,region,New Hampshire,United States,
nj,region,New Jersey,United States,
nm,region,New Mexico,United States,
ny,region,New York,United States,
nc,region,North Carolina,United States,
nd,region,North Dakota,United States,
oh,region,Ohio,United States,
ok,region,Oklahoma,United States,
or,region,Oregon,United States,
pa,region,Pennsylvania,United States,
ri,region,Rhode Island,United States,
sc,region,South Carolina,United States,
sd,region,South Dakota,United States,
tn,region,Tennessee,United States,
tx,region,Texas,United States,
ut,region,Utah,United States,
vt,region,Vermont,United States,
va,region,Virginia,United States,
wa,region,Washington,United States,
wv,region,West Virginia,United States,
wi,region,Wisconsin,United States,
wy,region,Wyoming,United States,
dc,region,District of Columbia,United States,
canada,country,,Canada,
united states,country,,United States,
usa,country,,United States,
us,country,,United States,
u.s.,country,,United States,
united kingdom,country,,United Kingdom,
uk,country,,United Kingdom,
england,country,,United Kingdom,
ireland,country,,Ireland,
india,country,,India,
singapore,country,,Singapore,
japan,country,,Japan,
australia,country,,Australia,
mexico,country,,Mexico,
brazil,country,,Brazil,
south korea,country,,South Korea,
korea,country,,South Korea,
germany,country,,Germany,
france,country,,France,
netherlands,country,,Netherlands,
spain,country,,Spain,
poland,country,,Poland,
israel,country,,Israel,
switzerland,country,,Switzerland,
sweden,country,,Sweden,
new zealand,country,,New Zealand,
toronto,city,Ontario,Canada,
montreal,city,Quebec,Canada,
vancouver,city,British Columbia,Canada,
waterloo,city,Ontario,Canada,
ottawa,city,Ontario,Canada,
calgary,city,Alberta,Canada,
san francisco,city,California,United States,
sf,city,California,United States,
new york,city,New York,United States,
nyc,city,New York,United States,
seattle,city,Washington,United States,
chicago,city,Illinois,United States,
austin,city,Texas,United States,
boston,city,Massachusetts,United States,
denver,city,Colorado,United States,
los angeles,city,California,United States,
washington d.c.,city,District of Columbia,United States,
d.c.,city,District of Columbia,United States,
london,city,,United Kingdom,
dublin,city,,Ireland,
bengaluru,city,Karnataka,India,
bangalore,city,Karnataka,India,
mexico city,city,,Mexico,
tokyo,city,,Japan,
sydney,city,New South Wales,Australia,
seoul,city,,South Korea,
paris,city,,France,
berlin,city,,Germany,
amsterdam,city,,Netherlands,
sao paulo,city,,Brazil,
hyderabad,city,Telangana,India,
pune,city,Maharashtra,India,
mumbai,city,Maharashtra,India,
chennai,city,Tamil Nadu,India,
new delhi,city,Delhi,India,
delhi,city,Delhi,India,
gurugram,city,Haryana,India,
gurgaon,city,Haryana,India,
kitchener,city,Ontario,Canada,
mississauga,city,Ontario,Canada,
markham,city,Ontario,Canada,
edmonton,city,Alberta,Canada,
winnipeg,city,Manitoba,Canada,
halifax,city,Nova Scotia,Canada,
quebec city,city,Quebec,Canada,
